data, sillyHash, FirstLetter, WordLen, LetterSum, Rolleft, MyHash, 
 0, 0, 0, 0, 15, 60, 56, 
1, 72590, 0, 37, 1, 49, 38, 
2, 0, 0, 317, 11, 78, 52, 
3, 0, 0, 1197, 17, 39, 58, 
4, 0, 0, 4165, 14, 62, 44, 
5, 0, 0, 8955, 8, 55, 59, 
6, 0, 0, 11563, 12, 64, 57, 
7, 0, 0, 12440, 10, 50, 59, 
8, 0, 0, 11303, 9, 61, 40, 
9, 0, 0, 8727, 17, 47, 58, 
10, 0, 0, 5967, 13, 56, 43, 
11, 0, 0, 3643, 15, 53, 60, 
12, 0, 0, 2111, 8, 60, 58, 
13, 0, 0, 1051, 11, 46, 53, 
14, 0, 0, 567, 19, 77, 50, 
15, 0, 0, 277, 10, 56, 61, 
16, 0, 0, 142, 16, 67, 55, 
17, 0, 0, 56, 15, 45, 45, 
18, 0, 0, 28, 9, 41, 55, 
19, 0, 0, 14, 11, 58, 54, 
20, 0, 0, 10, 10, 56, 60, 
21, 0, 0, 5, 13, 50, 49, 
22, 0, 0, 4, 11, 48, 50, 
23, 0, 0, 2, 11, 50, 57, 
24, 0, 0, 2, 13, 39, 47, 
25, 0, 0, 1, 10, 50, 62, 
26, 0, 0, 0, 11, 64, 52, 
27, 0, 0, 1, 9, 55, 52, 
28, 0, 0, 2, 11, 65, 46, 
29, 0, 0, 0, 22, 64, 54, 
30, 0, 0, 1, 8, 63, 62, 
31, 0, 0, 0, 21, 55, 51, 
32, 0, 0, 1, 8, 77, 64, 
33, 0, 0, 0, 13, 48, 60, 
34, 0, 86, 0, 17, 49, 51, 
35, 0, 1, 0, 11, 49, 45, 
36, 0, 0, 0, 14, 65, 47, 
37, 0, 0, 1, 12, 40, 74, 
38, 0, 5, 0, 14, 56, 50, 
39, 0, 822, 0, 7, 41, 63, 
40, 0, 164, 0, 11, 61, 53, 
41, 0, 0, 0, 9, 40, 78, 
42, 0, 15, 0, 14, 60, 49, 
43, 0, 0, 0, 14, 56, 47, 
44, 0, 0, 0, 10, 69, 40, 
45, 0, 36, 0, 10, 50, 55, 
46, 0, 8, 0, 8, 41, 57, 
47, 0, 1, 0, 12, 53, 42, 
48, 0, 1, 0, 15, 62, 59, 
49, 0, 123, 0, 11, 49, 47, 
50, 0, 17, 0, 14, 58, 59, 
51, 0, 13, 0, 6, 56, 55, 
52, 0, 12, 0, 11, 75, 61, 
53, 0, 12, 0, 11, 35, 54, 
54, 0, 14, 0, 9, 56, 58, 
55, 0, 12, 0, 14, 50, 74, 
56, 0, 12, 0, 10, 53, 65, 
57, 0, 12, 0, 11, 51, 39, 
58, 0, 1, 0, 8, 46, 52, 
59, 0, 0, 0, 8, 54, 49, 
60, 0, 4, 0, 14, 55, 41, 
61, 0, 0, 0, 13, 46, 59, 
62, 0, 3, 0, 6, 55, 38, 
63, 0, 2, 0, 7, 42, 61, 
64, 0, 0, 0, 6, 63, 66, 
65, 0, 1211, 0, 4, 52, 64, 
66, 0, 1020, 0, 10, 60, 63, 
67, 0, 1469, 0, 5, 35, 44, 
68, 0, 872, 0, 9, 54, 58, 
69, 0, 600, 0, 2, 35, 53, 
70, 0, 737, 0, 8, 56, 52, 
71, 0, 659, 0, 9, 46, 56, 
72, 0, 746, 0, 11, 50, 41, 
73, 0, 397, 0, 6, 54, 69, 
74, 0, 254, 0, 8, 51, 54, 
75, 0, 176, 0, 9, 52, 58, 
76, 0, 740, 0, 6, 49, 54, 
77, 0, 1000, 0, 9, 37, 57, 
78, 0, 386, 0, 6, 62, 42, 
79, 0, 361, 0, 8, 45, 51, 
80, 0, 1275, 0, 6, 52, 67, 
81, 0, 80, 0, 4, 48, 58, 
82, 0, 631, 0, 9, 74, 55, 
83, 0, 1561, 0, 6, 47, 64, 
84, 0, 930, 0, 4, 69, 54, 
85, 0, 193, 0, 7, 58, 47, 
86, 0, 286, 0, 9, 59, 50, 
87, 0, 593, 0, 6, 60, 53, 
88, 0, 62, 0, 9, 87, 50, 
89, 0, 87, 0, 3, 44, 73, 
90, 0, 15, 0, 9, 52, 45, 
91, 0, 455, 0, 6, 54, 59, 
92, 0, 0, 0, 6, 72, 56, 
93, 0, 2, 0, 11, 55, 57, 
94, 0, 0, 0, 6, 59, 47, 
95, 0, 1, 0, 8, 33, 49, 
96, 0, 140, 0, 7, 73, 54, 
97, 0, 2901, 0, 11, 56, 52, 
98, 0, 3473, 0, 9, 54, 57, 
99, 0, 4749, 0, 9, 50, 42, 
100, 0, 3422, 0, 11, 44, 49, 
101, 0, 1964, 0, 13, 50, 56, 
102, 0, 2944, 0, 14, 59, 56, 
103, 0, 1773, 0, 13, 38, 58, 
104, 0, 2363, 0, 17, 81, 58, 
105, 0, 1530, 0, 17, 53, 49, 
106, 0, 380, 0, 13, 53, 59, 
107, 0, 500, 0, 15, 46, 66, 
108, 0, 2049, 0, 9, 70, 47, 
109, 0, 2716, 0, 12, 47, 58, 
110, 0, 996, 0, 12, 74, 60, 
111, 0, 1326, 0, 8, 49, 52, 
112, 0, 3964, 0, 14, 59, 52, 
113, 0, 273, 0, 10, 39, 52, 
114, 0, 2531, 0, 7, 59, 47, 
115, 0, 6392, 0, 5, 45, 56, 
116, 0, 2997, 0, 4, 63, 53, 
117, 0, 1299, 0, 9, 57, 67, 
118, 0, 839, 0, 9, 60, 58, 
119, 0, 2375, 0, 13, 54, 56, 
120, 0, 1, 0, 5, 51, 57, 
121, 0, 274, 0, 10, 42, 43, 
122, 0, 24, 0, 13, 62, 52, 
123, 0, 205, 0, 11, 44, 67, 
124, 0, 0, 0, 10, 60, 54, 
125, 0, 1, 0, 6, 50, 61, 
126, 0, 0, 0, 11, 60, 48, 
127, 0, 0, 0, 4, 42, 53, 
128, 0, 0, 0, 7, 64, 62, 
129, 0, 0, 0, 5, 50, 63, 
130, 0, 0, 0, 8, 48, 55, 
131, 0, 0, 0, 7, 47, 63, 
132, 0, 0, 0, 10, 57, 57, 
133, 0, 0, 0, 6, 46, 57, 
134, 0, 0, 0, 8, 57, 58, 
135, 0, 0, 0, 7, 38, 66, 
136, 0, 0, 0, 13, 59, 54, 
137, 0, 0, 0, 14, 49, 61, 
138, 0, 0, 0, 6, 71, 66, 
139, 0, 0, 0, 9, 43, 58, 
140, 0, 0, 0, 4, 58, 33, 
141, 0, 0, 0, 12, 36, 38, 
142, 0, 0, 0, 8, 71, 55, 
143, 0, 0, 0, 10, 31, 44, 
144, 0, 0, 0, 8, 70, 54, 
145, 0, 0, 0, 15, 50, 57, 
146, 0, 0, 0, 12, 67, 57, 
147, 0, 0, 0, 8, 44, 50, 
148, 0, 0, 0, 10, 66, 40, 
149, 0, 0, 0, 14, 45, 56, 
150, 0, 0, 0, 13, 66, 54, 
151, 0, 0, 0, 20, 51, 61, 
152, 0, 0, 0, 14, 42, 54, 
153, 0, 0, 0, 11, 39, 51, 
154, 0, 0, 0, 13, 63, 47, 
155, 0, 0, 0, 17, 45, 61, 
156, 0, 0, 0, 11, 69, 51, 
157, 0, 0, 0, 11, 49, 50, 
158, 0, 0, 0, 5, 67, 55, 
159, 0, 0, 0, 7, 30, 51, 
160, 0, 0, 0, 6, 60, 66, 
161, 0, 0, 0, 6, 49, 46, 
162, 0, 0, 0, 13, 49, 60, 
163, 0, 0, 0, 4, 50, 51, 
164, 0, 0, 0, 7, 75, 51, 
165, 0, 0, 0, 8, 59, 56, 
166, 0, 0, 0, 4, 68, 45, 
167, 0, 0, 0, 5, 39, 64, 
168, 0, 0, 0, 9, 59, 57, 
169, 0, 0, 0, 8, 50, 47, 
170, 0, 0, 0, 6, 69, 53, 
171, 0, 0, 0, 1, 46, 59, 
172, 0, 0, 0, 3, 70, 46, 
173, 0, 0, 0, 6, 52, 59, 
174, 0, 0, 0, 8, 75, 60, 
175, 0, 0, 0, 6, 46, 77, 
176, 0, 0, 0, 4, 83, 66, 
177, 0, 0, 0, 2, 45, 62, 
178, 0, 0, 0, 3, 62, 57, 
179, 0, 0, 0, 7, 43, 55, 
180, 0, 1, 0, 4, 65, 54, 
181, 0, 4, 0, 7, 50, 56, 
182, 0, 0, 0, 4, 62, 49, 
183, 0, 0, 0, 8, 48, 70, 
184, 0, 0, 0, 1, 82, 51, 
185, 0, 0, 0, 3, 47, 54, 
186, 0, 0, 0, 5, 60, 47, 
187, 0, 0, 0, 4, 63, 54, 
188, 0, 0, 0, 14, 66, 55, 
189, 0, 0, 0, 5, 50, 58, 
190, 0, 0, 0, 7, 53, 70, 
191, 0, 0, 0, 2, 63, 42, 
192, 0, 0, 0, 5, 75, 63, 
193, 0, 0, 0, 5, 47, 50, 
194, 0, 8, 0, 4, 67, 58, 
195, 0, 1, 0, 9, 57, 54, 
196, 0, 0, 0, 2, 69, 49, 
197, 0, 0, 0, 6, 53, 63, 
198, 0, 0, 0, 4, 63, 43, 
199, 0, 0, 0, 8, 49, 73, 
200, 0, 0, 0, 5, 72, 55, 
201, 0, 0, 0, 8, 33, 57, 
202, 0, 0, 0, 8, 62, 61, 
203, 0, 0, 0, 9, 59, 48, 
204, 0, 0, 0, 3, 66, 49, 
205, 0, 0, 0, 11, 62, 50, 
206, 0, 0, 0, 8, 69, 56, 
207, 0, 0, 0, 13, 60, 60, 
208, 0, 0, 0, 9, 63, 69, 
209, 0, 0, 0, 7, 50, 44, 
210, 0, 0, 0, 6, 56, 58, 
211, 0, 0, 0, 11, 66, 60, 
212, 0, 0, 0, 10, 59, 51, 
213, 0, 0, 0, 11, 74, 48, 
214, 0, 0, 0, 10, 55, 49, 
215, 0, 0, 0, 11, 76, 62, 
216, 0, 0, 0, 11, 49, 43, 
217, 0, 0, 0, 9, 54, 64, 
218, 0, 0, 0, 12, 51, 46, 
219, 0, 0, 0, 8, 54, 61, 
220, 0, 0, 0, 11, 54, 47, 
221, 0, 0, 0, 8, 65, 45, 
222, 0, 0, 0, 9, 52, 56, 
223, 0, 0, 0, 5, 60, 62, 
224, 0, 0, 0, 8, 63, 66, 
225, 0, 0, 0, 9, 60, 49, 
226, 0, 0, 0, 9, 43, 57, 
227, 0, 0, 0, 13, 40, 55, 
228, 0, 0, 0, 9, 60, 58, 
229, 0, 0, 0, 2, 59, 51, 
230, 0, 0, 0, 4, 49, 59, 
231, 0, 0, 0, 7, 63, 62, 
232, 0, 0, 0, 13, 52, 49, 
233, 0, 0, 0, 8, 62, 54, 
234, 0, 0, 0, 10, 46, 52, 
235, 0, 0, 0, 6, 66, 55, 
236, 0, 0, 0, 6, 40, 45, 
237, 0, 0, 0, 11, 57, 56, 
238, 0, 0, 0, 10, 43, 61, 
239, 0, 0, 0, 7, 50, 51, 
240, 0, 0, 0, 6, 56, 50, 
241, 0, 0, 0, 10, 66, 44, 
242, 0, 0, 0, 9, 46, 56, 
243, 0, 0, 0, 7, 47, 45, 
244, 0, 0, 0, 9, 49, 54, 
245, 0, 0, 0, 10, 53, 59, 
246, 0, 0, 0, 9, 45, 40, 
247, 0, 0, 0, 13, 52, 53, 
248, 0, 0, 0, 9, 46, 56, 
249, 0, 0, 0, 12, 66, 48, 
250, 0, 0, 0, 9, 45, 48, 
251, 0, 0, 0, 18, 57, 55, 
252, 0, 0, 0, 11, 56, 51, 
253, 0, 0, 0, 11, 54, 62, 
254, 0, 0, 0, 8, 57, 53, 
255, 0, 0, 0, 4, 52, 59, 
256, 0, 0, 0, 9, 68, 75, 
257, 0, 0, 0, 11, 64, 59, 
258, 0, 0, 0, 9, 60, 62, 
259, 0, 0, 0, 17, 57, 66, 
260, 0, 0, 0, 15, 61, 51, 
261, 0, 0, 0, 10, 59, 62, 
262, 0, 0, 0, 9, 44, 47, 
263, 0, 0, 0, 10, 55, 56, 
264, 0, 0, 0, 15, 52, 52, 
265, 0, 0, 0, 18, 63, 61, 
266, 0, 0, 0, 16, 55, 57, 
267, 0, 0, 0, 12, 56, 55, 
268, 0, 0, 0, 10, 52, 48, 
269, 0, 0, 0, 13, 50, 49, 
270, 0, 0, 0, 13, 56, 48, 
271, 0, 0, 0, 12, 60, 39, 
272, 0, 0, 0, 9, 46, 61, 
273, 0, 0, 0, 8, 55, 61, 
274, 0, 0, 0, 10, 54, 55, 
275, 0, 0, 0, 9, 60, 53, 
276, 0, 0, 0, 13, 50, 43, 
277, 0, 0, 0, 13, 63, 50, 
278, 0, 0, 0, 14, 68, 52, 
279, 0, 0, 0, 11, 61, 49, 
280, 0, 0, 0, 13, 65, 59, 
281, 0, 0, 0, 13, 41, 56, 
282, 0, 0, 0, 11, 59, 49, 
283, 0, 0, 0, 8, 63, 48, 
284, 0, 0, 0, 15, 52, 50, 
285, 0, 0, 0, 11, 52, 55, 
286, 0, 0, 0, 10, 46, 64, 
287, 0, 0, 0, 15, 56, 48, 
288, 0, 0, 0, 20, 49, 52, 
289, 0, 0, 0, 11, 58, 50, 
290, 0, 0, 0, 15, 45, 60, 
291, 0, 0, 0, 11, 60, 56, 
292, 0, 0, 0, 14, 54, 37, 
293, 0, 0, 0, 12, 49, 48, 
294, 0, 0, 0, 16, 39, 52, 
295, 0, 0, 0, 17, 64, 56, 
296, 0, 0, 0, 10, 44, 49, 
297, 0, 0, 0, 14, 51, 75, 
298, 0, 0, 0, 22, 70, 67, 
299, 0, 0, 0, 24, 48, 64, 
300, 0, 0, 0, 12, 55, 49, 
301, 0, 0, 0, 13, 50, 56, 
302, 0, 0, 0, 13, 54, 66, 
303, 0, 0, 0, 14, 41, 66, 
304, 0, 0, 0, 21, 65, 67, 
305, 0, 0, 0, 14, 45, 51, 
306, 0, 0, 0, 21, 56, 51, 
307, 0, 0, 0, 13, 63, 43, 
308, 0, 0, 0, 22, 57, 69, 
309, 0, 0, 0, 22, 59, 61, 
310, 0, 0, 0, 18, 52, 55, 
311, 0, 0, 0, 21, 61, 60, 
312, 0, 0, 0, 31, 64, 58, 
313, 0, 0, 0, 21, 44, 77, 
314, 0, 0, 0, 28, 54, 53, 
315, 0, 0, 0, 19, 52, 71, 
316, 0, 0, 0, 23, 46, 51, 
317, 0, 0, 0, 24, 44, 47, 
318, 0, 0, 0, 26, 49, 66, 
319, 0, 0, 0, 19, 55, 46, 
320, 0, 0, 0, 24, 41, 68, 
321, 0, 0, 0, 30, 56, 64, 
322, 0, 0, 0, 24, 41, 54, 
323, 0, 0, 0, 21, 46, 39, 
324, 0, 0, 0, 32, 50, 55, 
325, 0, 0, 0, 24, 46, 48, 
326, 0, 0, 0, 19, 56, 68, 
327, 0, 0, 0, 33, 60, 63, 
328, 0, 0, 0, 27, 58, 56, 
329, 0, 0, 0, 21, 58, 71, 
330, 0, 0, 0, 28, 52, 55, 
331, 0, 0, 0, 26, 53, 49, 
332, 0, 0, 0, 25, 51, 53, 
333, 0, 0, 0, 21, 56, 48, 
334, 0, 0, 0, 30, 46, 42, 
335, 0, 0, 0, 21, 43, 53, 
336, 0, 0, 0, 22, 65, 68, 
337, 0, 0, 0, 23, 55, 43, 
338, 0, 0, 0, 27, 58, 77, 
339, 0, 0, 0, 26, 59, 66, 
340, 0, 0, 0, 18, 59, 74, 
341, 0, 0, 0, 32, 62, 75, 
342, 0, 0, 0, 21, 44, 57, 
343, 0, 0, 0, 34, 60, 64, 
344, 0, 0, 0, 29, 66, 61, 
345, 0, 0, 0, 28, 50, 63, 
346, 0, 0, 0, 23, 36, 39, 
347, 0, 0, 0, 32, 68, 52, 
348, 0, 0, 0, 26, 40, 51, 
349, 0, 0, 0, 31, 66, 48, 
350, 0, 0, 0, 41, 54, 56, 
351, 0, 0, 0, 34, 55, 56, 
352, 0, 0, 0, 33, 60, 59, 
353, 0, 0, 0, 33, 46, 58, 
354, 0, 0, 0, 29, 46, 63, 
355, 0, 0, 0, 30, 61, 44, 
356, 0, 0, 0, 43, 53, 45, 
357, 0, 0, 0, 42, 48, 56, 
358, 0, 0, 0, 42, 52, 58, 
359, 0, 0, 0, 36, 52, 53, 
360, 0, 0, 0, 44, 55, 64, 
361, 0, 0, 0, 39, 42, 66, 
362, 0, 0, 0, 40, 40, 65, 
363, 0, 0, 0, 38, 60, 57, 
364, 0, 0, 0, 53, 58, 50, 
365, 0, 0, 0, 41, 46, 48, 
366, 0, 0, 0, 41, 54, 73, 
367, 0, 0, 0, 36, 64, 75, 
368, 0, 0, 0, 35, 44, 74, 
369, 0, 0, 0, 42, 59, 44, 
370, 0, 0, 0, 28, 56, 55, 
371, 0, 0, 0, 45, 46, 50, 
372, 0, 0, 0, 42, 51, 41, 
373, 0, 0, 0, 42, 68, 38, 
374, 0, 0, 0, 39, 53, 51, 
375, 0, 0, 0, 47, 51, 61, 
376, 0, 0, 0, 42, 47, 65, 
377, 0, 0, 0, 43, 55, 55, 
378, 0, 0, 0, 46, 50, 43, 
379, 0, 0, 0, 46, 54, 46, 
380, 0, 0, 0, 46, 60, 59, 
381, 0, 0, 0, 40, 61, 76, 
382, 0, 0, 0, 56, 68, 59, 
383, 0, 0, 0, 47, 55, 45, 
384, 0, 0, 0, 47, 53, 55, 
385, 0, 0, 0, 46, 52, 44, 
386, 0, 0, 0, 42, 48, 47, 
387, 0, 0, 0, 31, 61, 65, 
388, 0, 0, 0, 34, 64, 64, 
389, 0, 0, 0, 41, 50, 58, 
390, 0, 0, 0, 43, 64, 61, 
391, 0, 0, 0, 33, 52, 50, 
392, 0, 0, 0, 44, 39, 59, 
393, 0, 0, 0, 45, 54, 55, 
394, 0, 0, 0, 47, 53, 62, 
395, 0, 0, 0, 50, 61, 55, 
396, 0, 0, 0, 45, 60, 40, 
397, 0, 0, 0, 41, 57, 59, 
398, 0, 0, 0, 43, 59, 48, 
399, 0, 0, 0, 54, 56, 59, 
400, 0, 0, 0, 50, 49, 57, 
401, 0, 0, 0, 45, 61, 60, 
402, 0, 0, 0, 50, 56, 68, 
403, 0, 0, 0, 44, 56, 51, 
404, 0, 0, 0, 48, 40, 59, 
405, 0, 0, 0, 43, 52, 52, 
406, 0, 0, 0, 40, 49, 53, 
407, 0, 0, 0, 39, 72, 61, 
408, 0, 0, 0, 41, 50, 58, 
409, 0, 0, 0, 42, 45, 62, 
410, 0, 0, 0, 41, 57, 49, 
411, 0, 0, 0, 37, 49, 63, 
412, 0, 0, 0, 51, 45, 44, 
413, 0, 0, 0, 43, 45, 54, 
414, 0, 0, 0, 48, 58, 56, 
415, 0, 0, 0, 56, 40, 57, 
416, 0, 0, 0, 56, 67, 60, 
417, 0, 0, 0, 50, 52, 60, 
418, 0, 0, 0, 60, 54, 56, 
419, 0, 0, 0, 54, 41, 41, 
420, 0, 0, 0, 56, 49, 56, 
421, 0, 0, 0, 59, 73, 80, 
422, 0, 0, 0, 66, 45, 48, 
423, 0, 0, 0, 54, 48, 45, 
424, 0, 0, 0, 76, 62, 63, 
425, 0, 0, 0, 70, 61, 65, 
426, 0, 0, 0, 81, 43, 62, 
427, 0, 0, 0, 76, 49, 49, 
428, 0, 0, 0, 73, 55, 58, 
429, 0, 0, 0, 66, 63, 57, 
430, 0, 0, 0, 66, 53, 45, 
431, 0, 0, 0, 71, 59, 51, 
432, 0, 0, 0, 70, 64, 59, 
433, 0, 0, 0, 66, 49, 44, 
434, 0, 0, 0, 81, 49, 63, 
435, 0, 0, 0, 71, 48, 63, 
436, 0, 0, 0, 58, 50, 49, 
437, 0, 0, 0, 68, 53, 49, 
438, 0, 0, 0, 72, 46, 49, 
439, 0, 0, 0, 62, 55, 77, 
440, 0, 0, 0, 79, 51, 63, 
441, 0, 0, 0, 63, 66, 72, 
442, 0, 0, 0, 68, 45, 48, 
443, 0, 0, 0, 73, 59, 45, 
444, 0, 0, 0, 84, 39, 58, 
445, 0, 0, 0, 66, 53, 51, 
446, 0, 0, 0, 67, 38, 68, 
447, 0, 0, 0, 81, 45, 54, 
448, 0, 0, 0, 74, 49, 67, 
449, 0, 0, 0, 58, 52, 51, 
450, 0, 0, 0, 75, 68, 52, 
451, 0, 0, 0, 61, 46, 74, 
452, 0, 0, 0, 68, 60, 45, 
453, 0, 0, 0, 64, 62, 56, 
454, 0, 0, 0, 84, 60, 53, 
455, 0, 0, 0, 68, 58, 70, 
456, 0, 0, 0, 78, 46, 59, 
457, 0, 0, 0, 67, 65, 51, 
458, 0, 0, 0, 87, 60, 40, 
459, 0, 0, 0, 72, 51, 54, 
460, 0, 0, 0, 87, 62, 54, 
461, 0, 0, 0, 96, 50, 66, 
462, 0, 0, 0, 87, 57, 46, 
463, 0, 0, 0, 76, 63, 69, 
464, 0, 0, 0, 76, 51, 63, 
465, 0, 0, 0, 74, 40, 53, 
466, 0, 0, 0, 98, 52, 56, 
467, 0, 0, 0, 95, 57, 60, 
468, 0, 0, 0, 95, 44, 51, 
469, 0, 0, 0, 94, 57, 53, 
470, 0, 0, 0, 109, 48, 51, 
471, 0, 0, 0, 103, 62, 58, 
472, 0, 0, 0, 104, 57, 53, 
473, 0, 0, 0, 115, 58, 50, 
474, 0, 0, 0, 105, 53, 49, 
475, 0, 0, 0, 122, 62, 50, 
476, 0, 0, 0, 104, 63, 52, 
477, 0, 0, 0, 116, 49, 66, 
478, 0, 0, 0, 119, 43, 54, 
479, 0, 0, 0, 108, 53, 56, 
480, 0, 0, 0, 124, 41, 64, 
481, 0, 0, 0, 110, 54, 48, 
482, 0, 0, 0, 87, 48, 59, 
483, 0, 0, 0, 117, 53, 37, 
484, 0, 0, 0, 119, 58, 48, 
485, 0, 0, 0, 114, 53, 53, 
486, 0, 0, 0, 121, 45, 49, 
487, 0, 0, 0, 110, 59, 69, 
488, 0, 0, 0, 115, 43, 45, 
489, 0, 0, 0, 92, 58, 73, 
490, 0, 0, 0, 112, 53, 44, 
491, 0, 0, 0, 95, 47, 77, 
492, 0, 0, 0, 92, 48, 59, 
493, 0, 0, 0, 93, 51, 56, 
494, 0, 0, 0, 95, 48, 64, 
495, 0, 0, 0, 93, 53, 68, 
496, 0, 0, 0, 92, 48, 77, 
497, 0, 0, 0, 95, 56, 50, 
498, 0, 0, 0, 88, 48, 55, 
499, 0, 0, 0, 95, 44, 72, 
500, 0, 0, 0, 92, 52, 39, 
501, 0, 0, 0, 66, 68, 63, 
502, 0, 0, 0, 79, 45, 48, 
503, 0, 0, 0, 87, 57, 48, 
504, 0, 0, 0, 78, 41, 31, 
505, 0, 0, 0, 64, 39, 75, 
506, 0, 0, 0, 56, 63, 48, 
507, 0, 0, 0, 71, 53, 63, 
508, 0, 0, 0, 55, 45, 52, 
509, 0, 0, 0, 66, 52, 52, 
510, 0, 0, 0, 71, 45, 63, 
511, 0, 0, 0, 64, 54, 70, 
512, 0, 0, 0, 63, 57, 58, 
513, 0, 0, 0, 71, 48, 65, 
514, 0, 0, 0, 62, 55, 64, 
515, 0, 0, 0, 64, 54, 49, 
516, 0, 0, 0, 67, 52, 47, 
517, 0, 0, 0, 77, 46, 49, 
518, 0, 0, 0, 67, 49, 59, 
519, 0, 0, 0, 71, 61, 60, 
520, 0, 0, 0, 78, 50, 40, 
521, 0, 0, 0, 67, 56, 51, 
522, 0, 0, 0, 77, 62, 55, 
523, 0, 0, 0, 79, 51, 56, 
524, 0, 0, 0, 61, 50, 48, 
525, 0, 0, 0, 73, 49, 54, 
526, 0, 0, 0, 66, 60, 58, 
527, 0, 0, 0, 82, 54, 50, 
528, 0, 0, 0, 71, 57, 51, 
529, 0, 0, 0, 94, 48, 52, 
530, 0, 0, 0, 81, 65, 53, 
531, 0, 0, 0, 89, 57, 60, 
532, 0, 0, 0, 102, 60, 52, 
533, 0, 0, 0, 88, 61, 42, 
534, 0, 0, 0, 93, 58, 53, 
535, 0, 0, 0, 104, 49, 70, 
536, 0, 0, 0, 99, 36, 49, 
537, 0, 0, 0, 105, 47, 55, 
538, 0, 0, 0, 87, 51, 56, 
539, 0, 0, 0, 83, 58, 40, 
540, 0, 0, 0, 112, 44, 58, 
541, 0, 0, 0, 103, 50, 41, 
542, 0, 0, 0, 101, 51, 62, 
543, 0, 0, 0, 108, 50, 55, 
544, 0, 0, 0, 111, 48, 59, 
545, 0, 0, 0, 102, 56, 39, 
546, 0, 0, 0, 95, 54, 45, 
547, 0, 0, 0, 97, 36, 59, 
548, 0, 0, 0, 87, 54, 50, 
549, 0, 0, 0, 96, 62, 71, 
550, 0, 0, 0, 89, 56, 63, 
551, 0, 0, 0, 92, 60, 57, 
552, 0, 0, 0, 97, 58, 71, 
553, 0, 0, 0, 97, 57, 88, 
554, 0, 0, 0, 106, 50, 55, 
555, 0, 0, 0, 91, 49, 53, 
556, 0, 0, 0, 96, 64, 43, 
557, 0, 0, 0, 95, 51, 58, 
558, 0, 0, 0, 121, 58, 70, 
559, 0, 0, 0, 103, 57, 48, 
560, 0, 0, 0, 90, 57, 59, 
561, 0, 0, 0, 98, 48, 54, 
562, 0, 0, 0, 111, 48, 75, 
563, 0, 0, 0, 93, 60, 62, 
564, 0, 0, 0, 109, 61, 37, 
565, 0, 0, 0, 94, 57, 51, 
566, 0, 0, 0, 98, 39, 62, 
567, 0, 0, 0, 95, 64, 65, 
568, 0, 0, 0, 103, 51, 59, 
569, 0, 0, 0, 113, 39, 46, 
570, 0, 0, 0, 96, 46, 58, 
571, 0, 0, 0, 130, 59, 64, 
572, 0, 0, 0, 91, 51, 48, 
573, 0, 0, 0, 129, 48, 53, 
574, 0, 0, 0, 128, 64, 39, 
575, 0, 0, 0, 158, 50, 48, 
576, 0, 0, 0, 145, 51, 67, 
577, 0, 0, 0, 124, 57, 56, 
578, 0, 0, 0, 123, 45, 65, 
579, 0, 0, 0, 130, 64, 61, 
580, 0, 0, 0, 124, 63, 55, 
581, 0, 0, 0, 137, 55, 68, 
582, 0, 0, 0, 135, 48, 49, 
583, 0, 0, 0, 133, 54, 69, 
584, 0, 0, 0, 134, 60, 53, 
585, 0, 0, 0, 144, 51, 59, 
586, 0, 0, 0, 142, 51, 69, 
587, 0, 0, 0, 141, 53, 57, 
588, 0, 0, 0, 136, 40, 54, 
589, 0, 0, 0, 140, 64, 58, 
590, 0, 0, 0, 157, 59, 57, 
591, 0, 0, 0, 157, 51, 51, 
592, 0, 0, 0, 142, 45, 58, 
593, 0, 0, 0, 129, 66, 39, 
594, 0, 0, 0, 137, 62, 61, 
595, 0, 0, 0, 150, 62, 39, 
596, 0, 0, 0, 133, 49, 48, 
597, 0, 0, 0, 137, 55, 56, 
598, 0, 0, 0, 126, 61, 47, 
599, 0, 0, 0, 145, 59, 53, 
600, 0, 0, 0, 145, 48, 54, 
601, 0, 0, 0, 132, 51, 71, 
602, 0, 0, 0, 117, 56, 39, 
603, 0, 0, 0, 105, 64, 52, 
604, 0, 0, 0, 104, 53, 61, 
605, 0, 0, 0, 125, 48, 53, 
606, 0, 0, 0, 113, 62, 61, 
607, 0, 0, 0, 95, 54, 51, 
608, 0, 0, 0, 118, 51, 47, 
609, 0, 0, 0, 94, 64, 48, 
610, 0, 0, 0, 116, 67, 62, 
611, 0, 0, 0, 93, 58, 43, 
612, 0, 0, 0, 88, 58, 31, 
613, 0, 0, 0, 100, 60, 59, 
614, 0, 0, 0, 91, 54, 55, 
615, 0, 0, 0, 116, 59, 60, 
616, 0, 0, 0, 88, 55, 60, 
617, 0, 0, 0, 107, 48, 58, 
618, 0, 0, 0, 95, 56, 54, 
619, 0, 0, 0, 92, 50, 62, 
620, 0, 0, 0, 91, 55, 47, 
621, 0, 0, 0, 91, 43, 54, 
622, 0, 0, 0, 93, 45, 57, 
623, 0, 0, 0, 92, 51, 37, 
624, 0, 0, 0, 87, 46, 60, 
625, 0, 0, 0, 100, 47, 58, 
626, 0, 0, 0, 90, 63, 53, 
627, 0, 0, 0, 98, 37, 60, 
628, 0, 0, 0, 86, 53, 55, 
629, 0, 0, 0, 85, 36, 70, 
630, 0, 0, 0, 92, 54, 50, 
631, 0, 0, 0, 96, 46, 62, 
632, 0, 0, 0, 110, 58, 55, 
633, 0, 0, 0, 98, 49, 54, 
634, 0, 0, 0, 101, 41, 66, 
635, 0, 0, 0, 106, 50, 47, 
636, 0, 0, 0, 90, 46, 59, 
637, 0, 0, 0, 113, 52, 71, 
638, 0, 0, 0, 122, 61, 80, 
639, 0, 0, 0, 102, 46, 48, 
640, 0, 0, 0, 111, 51, 64, 
641, 0, 0, 0, 114, 51, 41, 
642, 0, 0, 0, 115, 52, 62, 
643, 0, 0, 0, 92, 42, 58, 
644, 0, 0, 0, 110, 59, 63, 
645, 0, 0, 0, 109, 59, 55, 
646, 0, 0, 0, 104, 51, 49, 
647, 0, 0, 0, 130, 57, 65, 
648, 0, 0, 0, 121, 56, 54, 
649, 0, 0, 0, 129, 43, 68, 
650, 0, 0, 0, 130, 54, 51, 
651, 0, 0, 0, 132, 42, 48, 
652, 0, 0, 0, 121, 56, 66, 
653, 0, 0, 0, 114, 42, 50, 
654, 0, 0, 0, 102, 56, 50, 
655, 0, 0, 0, 128, 60, 63, 
656, 0, 0, 0, 109, 48, 53, 
657, 0, 0, 0, 138, 38, 45, 
658, 0, 0, 0, 130, 49, 48, 
659, 0, 0, 0, 134, 46, 58, 
660, 0, 0, 0, 136, 55, 49, 
661, 0, 0, 0, 116, 63, 60, 
662, 0, 0, 0, 97, 52, 62, 
663, 0, 0, 0, 131, 48, 73, 
664, 0, 0, 0, 132, 51, 53, 
665, 0, 0, 0, 101, 47, 65, 
666, 0, 0, 0, 113, 56, 50, 
667, 0, 0, 0, 121, 43, 59, 
668, 0, 0, 0, 108, 53, 48, 
669, 0, 0, 0, 113, 47, 37, 
670, 0, 0, 0, 98, 54, 60, 
671, 0, 0, 0, 107, 41, 42, 
672, 0, 0, 0, 109, 53, 56, 
673, 0, 0, 0, 107, 48, 55, 
674, 0, 0, 0, 101, 65, 47, 
675, 0, 0, 0, 106, 40, 45, 
676, 0, 0, 0, 131, 59, 53, 
677, 0, 0, 0, 121, 49, 53, 
678, 0, 0, 0, 131, 49, 56, 
679, 0, 0, 0, 117, 44, 75, 
680, 0, 0, 0, 119, 52, 53, 
681, 0, 0, 0, 110, 51, 56, 
682, 0, 0, 0, 128, 56, 48, 
683, 0, 0, 0, 116, 47, 46, 
684, 0, 0, 0, 107, 50, 37, 
685, 0, 0, 0, 132, 57, 59, 
686, 0, 0, 0, 134, 56, 61, 
687, 0, 0, 0, 113, 50, 44, 
688, 0, 0, 0, 128, 56, 61, 
689, 0, 0, 0, 110, 41, 44, 
690, 0, 0, 0, 119, 40, 46, 
691, 0, 0, 0, 137, 40, 50, 
692, 0, 0, 0, 129, 58, 63, 
693, 0, 0, 0, 146, 40, 43, 
694, 0, 0, 0, 132, 45, 51, 
695, 0, 0, 0, 148, 56, 66, 
696, 0, 0, 0, 125, 40, 62, 
697, 0, 0, 0, 134, 58, 61, 
698, 0, 0, 0, 117, 48, 58, 
699, 0, 0, 0, 137, 49, 50, 
700, 0, 0, 0, 133, 54, 54, 
701, 0, 0, 0, 139, 50, 47, 
702, 0, 0, 0, 109, 62, 46, 
703, 0, 0, 0, 140, 50, 59, 
704, 0, 0, 0, 127, 59, 66, 
705, 0, 0, 0, 128, 38, 50, 
706, 0, 0, 0, 120, 40, 45, 
707, 0, 0, 0, 112, 51, 54, 
708, 0, 0, 0, 114, 54, 51, 
709, 0, 0, 0, 119, 47, 61, 
710, 0, 0, 0, 117, 44, 39, 
711, 0, 0, 0, 126, 40, 69, 
712, 0, 0, 0, 122, 45, 59, 
713, 0, 0, 0, 133, 38, 60, 
714, 0, 0, 0, 126, 51, 50, 
715, 0, 0, 0, 103, 42, 59, 
716, 0, 0, 0, 107, 45, 38, 
717, 0, 0, 0, 93, 44, 51, 
718, 0, 0, 0, 108, 44, 75, 
719, 0, 0, 0, 103, 51, 49, 
720, 0, 0, 0, 107, 39, 64, 
721, 0, 0, 0, 78, 30, 61, 
722, 0, 0, 0, 109, 44, 69, 
723, 0, 0, 0, 86, 47, 65, 
724, 0, 0, 0, 78, 55, 48, 
725, 0, 0, 0, 82, 53, 67, 
726, 0, 0, 0, 106, 50, 59, 
727, 0, 0, 0, 99, 59, 51, 
728, 0, 0, 0, 77, 49, 63, 
729, 0, 0, 0, 86, 44, 53, 
730, 0, 0, 0, 103, 49, 40, 
731, 0, 0, 0, 99, 67, 43, 
732, 0, 0, 0, 98, 62, 56, 
733, 0, 0, 0, 96, 49, 47, 
734, 0, 0, 0, 85, 65, 74, 
735, 0, 0, 0, 106, 43, 62, 
736, 0, 0, 0, 89, 62, 63, 
737, 0, 0, 0, 101, 51, 35, 
738, 0, 0, 0, 99, 50, 40, 
739, 0, 0, 0, 91, 47, 53, 
740, 0, 0, 0, 99, 53, 34, 
741, 0, 0, 0, 109, 52, 60, 
742, 0, 0, 0, 95, 45, 55, 
743, 0, 0, 0, 97, 47, 69, 
744, 0, 0, 0, 119, 57, 48, 
745, 0, 0, 0, 106, 48, 62, 
746, 0, 0, 0, 116, 54, 54, 
747, 0, 0, 0, 91, 73, 51, 
748, 0, 0, 0, 109, 51, 55, 
749, 0, 0, 0, 119, 68, 36, 
750, 0, 0, 0, 126, 52, 47, 
751, 0, 0, 0, 116, 76, 60, 
752, 0, 0, 0, 136, 62, 63, 
753, 0, 0, 0, 95, 60, 51, 
754, 0, 0, 0, 124, 73, 55, 
755, 0, 0, 0, 117, 67, 54, 
756, 0, 0, 0, 130, 52, 52, 
757, 0, 0, 0, 122, 68, 71, 
758, 0, 0, 0, 112, 42, 55, 
759, 0, 0, 0, 102, 60, 74, 
760, 0, 0, 0, 133, 45, 46, 
761, 0, 0, 0, 97, 58, 54, 
762, 0, 0, 0, 97, 42, 48, 
763, 0, 0, 0, 126, 62, 55, 
764, 0, 0, 0, 126, 61, 56, 
765, 0, 0, 0, 113, 57, 56, 
766, 0, 0, 0, 115, 59, 53, 
767, 0, 0, 0, 101, 57, 46, 
768, 0, 0, 0, 122, 52, 51, 
769, 0, 0, 0, 104, 52, 74, 
770, 0, 0, 0, 123, 47, 57, 
771, 0, 0, 0, 97, 57, 51, 
772, 0, 0, 0, 116, 45, 45, 
773, 0, 0, 0, 105, 71, 43, 
774, 0, 0, 0, 115, 46, 63, 
775, 0, 0, 0, 103, 67, 69, 
776, 0, 0, 0, 126, 56, 69, 
777, 0, 0, 0, 112, 56, 58, 
778, 0, 0, 0, 131, 56, 65, 
779, 0, 0, 0, 123, 67, 56, 
780, 0, 0, 0, 107, 42, 50, 
781, 0, 0, 0, 115, 70, 54, 
782, 0, 0, 0, 109, 53, 62, 
783, 0, 0, 0, 106, 67, 50, 
784, 0, 0, 0, 112, 46, 60, 
785, 0, 0, 0, 113, 60, 54, 
786, 0, 0, 0, 111, 53, 52, 
787, 0, 0, 0, 103, 55, 64, 
788, 0, 0, 0, 101, 58, 51, 
789, 0, 0, 0, 144, 70, 65, 
790, 0, 0, 0, 101, 36, 59, 
791, 0, 0, 0, 105, 88, 70, 
792, 0, 0, 0, 104, 53, 56, 
793, 0, 0, 0, 124, 65, 55, 
794, 0, 0, 0, 133, 57, 56, 
795, 0, 0, 0, 112, 72, 55, 
796, 0, 0, 0, 117, 54, 51, 
797, 0, 0, 0, 113, 69, 57, 
798, 0, 0, 0, 138, 46, 49, 
799, 0, 0, 0, 118, 70, 54, 
800, 0, 0, 0, 128, 44, 58, 
801, 0, 0, 0, 113, 62, 51, 
802, 0, 0, 0, 128, 49, 64, 
803, 0, 0, 0, 120, 64, 53, 
804, 0, 0, 0, 144, 46, 54, 
805, 0, 0, 0, 109, 80, 60, 
806, 0, 0, 0, 110, 58, 55, 
807, 0, 0, 0, 143, 73, 65, 
808, 0, 0, 0, 107, 38, 47, 
809, 0, 0, 0, 144, 50, 64, 
810, 0, 0, 0, 110, 50, 54, 
811, 0, 0, 0, 122, 63, 66, 
812, 0, 0, 0, 107, 55, 60, 
813, 0, 0, 0, 118, 62, 68, 
814, 0, 0, 0, 119, 40, 60, 
815, 0, 0, 0, 102, 61, 57, 
816, 0, 0, 0, 111, 60, 50, 
817, 0, 0, 0, 120, 62, 58, 
818, 0, 0, 0, 106, 47, 50, 
819, 0, 0, 0, 100, 64, 52, 
820, 0, 0, 0, 95, 43, 75, 
821, 0, 0, 0, 107, 53, 52, 
822, 0, 0, 0, 92, 41, 38, 
823, 0, 0, 0, 105, 61, 49, 
824, 0, 0, 0, 98, 53, 40, 
825, 0, 0, 0, 92, 62, 52, 
826, 0, 0, 0, 82, 52, 46, 
827, 0, 0, 0, 103, 70, 57, 
828, 0, 0, 0, 92, 52, 45, 
829, 0, 0, 0, 75, 58, 52, 
830, 0, 0, 0, 83, 38, 54, 
831, 0, 0, 0, 67, 61, 54, 
832, 0, 0, 0, 80, 48, 56, 
833, 0, 0, 0, 86, 52, 47, 
834, 0, 0, 0, 94, 40, 61, 
835, 0, 0, 0, 77, 53, 51, 
836, 0, 0, 0, 83, 52, 49, 
837, 0, 0, 0, 77, 56, 56, 
838, 0, 0, 0, 78, 55, 59, 
839, 0, 0, 0, 67, 56, 72, 
840, 0, 0, 0, 64, 35, 60, 
841, 0, 0, 0, 82, 66, 55, 
842, 0, 0, 0, 75, 45, 53, 
843, 0, 0, 0, 86, 70, 62, 
844, 0, 0, 0, 86, 53, 64, 
845, 0, 0, 0, 85, 72, 52, 
846, 0, 0, 0, 65, 40, 53, 
847, 0, 0, 0, 97, 66, 63, 
848, 0, 0, 0, 104, 44, 60, 
849, 0, 0, 0, 90, 64, 54, 
850, 0, 0, 0, 85, 43, 63, 
851, 0, 0, 0, 87, 63, 52, 
852, 0, 0, 0, 92, 48, 55, 
853, 0, 0, 0, 86, 74, 55, 
854, 0, 0, 0, 79, 49, 63, 
855, 0, 0, 0, 90, 61, 63, 
856, 0, 0, 0, 104, 53, 56, 
857, 0, 0, 0, 86, 59, 76, 
858, 0, 0, 0, 86, 48, 37, 
859, 0, 0, 0, 104, 73, 56, 
860, 0, 0, 0, 105, 43, 62, 
861, 0, 0, 0, 96, 78, 58, 
862, 0, 0, 0, 96, 42, 60, 
863, 0, 0, 0, 93, 67, 54, 
864, 0, 0, 0, 101, 54, 77, 
865, 0, 0, 0, 99, 63, 38, 
866, 0, 0, 0, 103, 48, 56, 
867, 0, 0, 0, 99, 57, 56, 
868, 0, 0, 0, 86, 59, 51, 
869, 0, 0, 0, 92, 74, 72, 
870, 0, 0, 0, 104, 50, 54, 
871, 0, 0, 0, 91, 60, 71, 
872, 0, 0, 0, 94, 54, 39, 
873, 0, 0, 0, 101, 56, 60, 
874, 0, 0, 0, 107, 54, 51, 
875, 0, 0, 0, 89, 72, 61, 
876, 0, 0, 0, 94, 58, 45, 
877, 0, 0, 0, 103, 62, 36, 
878, 0, 0, 0, 95, 59, 59, 
879, 0, 0, 0, 97, 72, 64, 
880, 0, 0, 0, 87, 46, 51, 
881, 0, 0, 0, 93, 58, 55, 
882, 0, 0, 0, 76, 47, 61, 
883, 0, 0, 0, 95, 85, 58, 
884, 0, 0, 0, 98, 50, 57, 
885, 0, 0, 0, 82, 68, 59, 
886, 0, 0, 0, 84, 45, 58, 
887, 0, 0, 0, 86, 85, 72, 
888, 0, 0, 0, 76, 54, 49, 
889, 0, 0, 0, 89, 82, 63, 
890, 0, 0, 0, 62, 48, 65, 
891, 0, 0, 0, 93, 65, 47, 
892, 0, 0, 0, 89, 55, 58, 
893, 0, 0, 0, 89, 63, 69, 
894, 0, 0, 0, 97, 40, 59, 
895, 0, 0, 0, 100, 72, 59, 
896, 0, 0, 0, 88, 53, 75, 
897, 0, 0, 0, 93, 55, 60, 
898, 0, 0, 0, 101, 49, 67, 
899, 0, 0, 0, 101, 72, 40, 
900, 0, 0, 0, 91, 53, 45, 
901, 0, 0, 0, 86, 54, 63, 
902, 0, 0, 0, 79, 60, 62, 
903, 0, 0, 0, 90, 64, 68, 
904, 0, 0, 0, 86, 41, 56, 
905, 0, 0, 0, 82, 62, 66, 
906, 0, 0, 0, 90, 45, 64, 
907, 0, 0, 0, 93, 62, 47, 
908, 0, 0, 0, 80, 46, 59, 
909, 0, 0, 0, 99, 72, 55, 
910, 0, 0, 0, 87, 59, 49, 
911, 0, 0, 0, 94, 78, 47, 
912, 0, 0, 0, 101, 51, 58, 
913, 0, 0, 0, 93, 62, 55, 
914, 0, 0, 0, 94, 52, 57, 
915, 0, 0, 0, 92, 56, 49, 
916, 0, 0, 0, 82, 58, 42, 
917, 0, 0, 0, 80, 67, 49, 
918, 0, 0, 0, 90, 48, 48, 
919, 0, 0, 0, 75, 79, 65, 
920, 0, 0, 0, 80, 54, 51, 
921, 0, 0, 0, 79, 63, 59, 
922, 0, 0, 0, 68, 57, 48, 
923, 0, 0, 0, 87, 85, 51, 
924, 0, 0, 0, 60, 53, 52, 
925, 0, 0, 0, 83, 54, 67, 
926, 0, 0, 0, 74, 47, 60, 
927, 0, 0, 0, 61, 62, 44, 
928, 0, 0, 0, 77, 49, 59, 
929, 0, 0, 0, 72, 64, 52, 
930, 0, 0, 0, 77, 62, 73, 
931, 0, 0, 0, 56, 65, 52, 
932, 0, 0, 0, 65, 52, 53, 
933, 0, 0, 0, 57, 81, 58, 
934, 0, 0, 0, 64, 54, 50, 
935, 0, 0, 0, 68, 75, 70, 
936, 0, 0, 0, 66, 59, 51, 
937, 0, 0, 0, 64, 70, 71, 
938, 0, 0, 0, 78, 61, 52, 
939, 0, 0, 0, 54, 59, 52, 
940, 0, 0, 0, 44, 53, 46, 
941, 0, 0, 0, 75, 69, 56, 
942, 0, 0, 0, 59, 43, 61, 
943, 0, 0, 0, 68, 60, 59, 
944, 0, 0, 0, 49, 51, 65, 
945, 0, 0, 0, 59, 71, 51, 
946, 0, 0, 0, 58, 46, 58, 
947, 0, 0, 0, 51, 49, 59, 
948, 0, 0, 0, 52, 50, 61, 
949, 0, 0, 0, 58, 59, 50, 
950, 0, 0, 0, 55, 40, 43, 
951, 0, 0, 0, 51, 62, 56, 
952, 0, 0, 0, 44, 54, 56, 
953, 0, 0, 0, 61, 55, 54, 
954, 0, 0, 0, 57, 44, 50, 
955, 0, 0, 0, 57, 71, 47, 
956, 0, 0, 0, 61, 52, 42, 
957, 0, 0, 0, 66, 41, 58, 
958, 0, 0, 0, 57, 52, 58, 
959, 0, 0, 0, 61, 67, 54, 
960, 0, 0, 0, 79, 70, 71, 
961, 0, 0, 0, 69, 60, 45, 
962, 0, 0, 0, 56, 43, 54, 
963, 0, 0, 0, 74, 74, 34, 
964, 0, 0, 0, 70, 52, 59, 
965, 0, 0, 0, 54, 62, 57, 
966, 0, 0, 0, 77, 47, 60, 
967, 0, 0, 0, 67, 66, 73, 
968, 0, 0, 0, 84, 55, 49, 
969, 0, 0, 0, 63, 71, 54, 
970, 0, 0, 0, 57, 54, 52, 
971, 0, 0, 0, 66, 72, 56, 
972, 0, 0, 0, 57, 60, 51, 
973, 0, 0, 0, 67, 62, 57, 
974, 0, 0, 0, 67, 51, 58, 
975, 0, 0, 0, 61, 81, 63, 
976, 0, 0, 0, 47, 54, 49, 
977, 0, 0, 0, 74, 55, 64, 
978, 0, 0, 0, 57, 63, 58, 
979, 0, 0, 0, 71, 67, 53, 
980, 0, 0, 0, 43, 52, 71, 
981, 0, 0, 0, 72, 61, 73, 
982, 0, 0, 0, 63, 41, 57, 
983, 0, 0, 0, 58, 73, 56, 
984, 0, 0, 0, 70, 39, 55, 
985, 0, 0, 0, 75, 55, 76, 
986, 0, 0, 0, 68, 56, 44, 
987, 0, 0, 0, 48, 60, 63, 
988, 0, 0, 0, 71, 43, 60, 
989, 0, 0, 0, 60, 60, 50, 
990, 0, 0, 0, 51, 60, 58, 
991, 0, 0, 0, 63, 61, 73, 
992, 0, 0, 0, 66, 53, 51, 
993, 0, 0, 0, 73, 73, 61, 
994, 0, 0, 0, 63, 42, 62, 
995, 0, 0, 0, 52, 50, 41, 
996, 0, 0, 0, 50, 55, 45, 
997, 0, 0, 0, 61, 66, 57, 
998, 0, 0, 0, 61, 35, 61, 
999, 0, 0, 0, 64, 54, 78, 
1000, 0, 0, 0, 54, 49, 52, 
1001, 0, 0, 0, 77, 54, 58, 
1002, 0, 0, 0, 59, 53, 62, 
1003, 0, 0, 0, 57, 62, 48, 
1004, 0, 0, 0, 64, 49, 54, 
1005, 0, 0, 0, 75, 60, 71, 
1006, 0, 0, 0, 62, 38, 46, 
1007, 0, 0, 0, 56, 56, 52, 
1008, 0, 0, 0, 58, 54, 68, 
1009, 0, 0, 0, 66, 62, 61, 
1010, 0, 0, 0, 56, 51, 58, 
1011, 0, 0, 0, 74, 69, 64, 
1012, 0, 0, 0, 65, 40, 43, 
1013, 0, 0, 0, 65, 58, 49, 
1014, 0, 0, 0, 70, 46, 52, 
1015, 0, 0, 0, 59, 68, 64, 
1016, 0, 0, 0, 71, 44, 57, 
1017, 0, 0, 0, 66, 47, 49, 
1018, 0, 0, 0, 71, 51, 52, 
1019, 0, 0, 0, 65, 62, 53, 
1020, 0, 0, 0, 54, 41, 56, 
1021, 0, 0, 0, 62, 61, 70, 
1022, 0, 0, 0, 55, 59, 63, 
1023, 0, 0, 0, 73, 56, 46, 
1024, 0, 0, 0, 59, 55, 51, 
1025, 0, 0, 0, 64, 58, 62, 
1026, 0, 0, 0, 55, 63, 57, 
1027, 0, 0, 0, 66, 51, 38, 
1028, 0, 0, 0, 57, 52, 57, 
1029, 0, 0, 0, 67, 51, 74, 
1030, 0, 0, 0, 62, 45, 53, 
1031, 0, 0, 0, 62, 50, 56, 
1032, 0, 0, 0, 75, 58, 53, 
1033, 0, 0, 0, 50, 64, 65, 
1034, 0, 0, 0, 45, 52, 48, 
1035, 0, 0, 0, 41, 71, 63, 
1036, 0, 0, 0, 57, 51, 61, 
1037, 0, 0, 0, 46, 66, 55, 
1038, 0, 0, 0, 43, 52, 68, 
1039, 0, 0, 0, 37, 51, 52, 
1040, 0, 0, 0, 40, 65, 52, 
1041, 0, 0, 0, 36, 60, 52, 
1042, 0, 0, 0, 49, 45, 45, 
1043, 0, 0, 0, 41, 66, 52, 
1044, 0, 0, 0, 45, 57, 50, 
1045, 0, 0, 0, 47, 68, 72, 
1046, 0, 0, 0, 38, 52, 48, 
1047, 0, 0, 0, 35, 63, 46, 
1048, 0, 0, 0, 42, 63, 48, 
1049, 0, 0, 0, 38, 50, 64, 
1050, 0, 0, 0, 35, 56, 55, 
1051, 0, 0, 0, 34, 69, 51, 
1052, 0, 0, 0, 42, 67, 53, 
1053, 0, 0, 0, 40, 72, 74, 
1054, 0, 0, 0, 29, 60, 46, 
1055, 0, 0, 0, 36, 66, 50, 
1056, 0, 0, 0, 47, 55, 73, 
1057, 0, 0, 0, 38, 63, 60, 
1058, 0, 0, 0, 35, 68, 45, 
1059, 0, 0, 0, 36, 69, 39, 
1060, 0, 0, 0, 44, 51, 74, 
1061, 0, 0, 0, 36, 59, 60, 
1062, 0, 0, 0, 50, 46, 62, 
1063, 0, 0, 0, 37, 80, 50, 
1064, 0, 0, 0, 46, 53, 59, 
1065, 0, 0, 0, 28, 65, 62, 
1066, 0, 0, 0, 35, 53, 60, 
1067, 0, 0, 0, 28, 71, 67, 
1068, 0, 0, 0, 40, 56, 49, 
1069, 0, 0, 0, 34, 64, 68, 
1070, 0, 0, 0, 31, 60, 60, 
1071, 0, 0, 0, 33, 60, 72, 
1072, 0, 0, 0, 35, 52, 62, 
1073, 0, 0, 0, 32, 57, 54, 
1074, 0, 0, 0, 49, 58, 63, 
1075, 0, 0, 0, 41, 58, 56, 
1076, 0, 0, 0, 43, 79, 52, 
1077, 0, 0, 0, 34, 58, 59, 
1078, 0, 0, 0, 31, 54, 46, 
1079, 0, 0, 0, 46, 74, 56, 
1080, 0, 0, 0, 42, 63, 60, 
1081, 0, 0, 0, 36, 53, 51, 
1082, 0, 0, 0, 42, 59, 56, 
1083, 0, 0, 0, 48, 71, 52, 
1084, 0, 0, 0, 37, 50, 66, 
1085, 0, 0, 0, 39, 62, 55, 
1086, 0, 0, 0, 42, 60, 82, 
1087, 0, 0, 0, 45, 66, 54, 
1088, 0, 0, 0, 51, 59, 68, 
1089, 0, 0, 0, 44, 69, 57, 
1090, 0, 0, 0, 34, 52, 48, 
1091, 0, 0, 0, 41, 69, 43, 
1092, 0, 0, 0, 41, 53, 66, 
1093, 0, 0, 0, 43, 65, 67, 
1094, 0, 0, 0, 46, 58, 54, 
1095, 0, 0, 0, 41, 66, 66, 
1096, 0, 0, 0, 45, 60, 60, 
1097, 0, 0, 0, 43, 62, 61, 
1098, 0, 0, 0, 47, 73, 54, 
1099, 0, 0, 0, 40, 63, 63, 
1100, 0, 0, 0, 44, 55, 42, 
1101, 0, 0, 0, 55, 68, 58, 
1102, 0, 0, 0, 48, 51, 52, 
1103, 0, 0, 0, 34, 62, 52, 
1104, 0, 0, 0, 41, 58, 73, 
1105, 0, 0, 0, 46, 76, 42, 
1106, 0, 0, 0, 31, 70, 62, 
1107, 0, 0, 0, 38, 70, 64, 
1108, 0, 0, 0, 37, 72, 46, 
1109, 0, 0, 0, 51, 61, 52, 
1110, 0, 0, 0, 42, 62, 59, 
1111, 0, 0, 0, 37, 76, 50, 
1112, 0, 0, 0, 44, 61, 54, 
1113, 0, 0, 0, 30, 53, 49, 
1114, 0, 0, 0, 40, 65, 66, 
1115, 0, 0, 0, 27, 76, 64, 
1116, 0, 0, 0, 40, 60, 58, 
1117, 0, 0, 0, 39, 64, 59, 
1118, 0, 0, 0, 46, 60, 59, 
1119, 0, 0, 0, 49, 68, 58, 
1120, 0, 0, 0, 35, 51, 62, 
1121, 0, 0, 0, 52, 61, 49, 
1122, 0, 0, 0, 36, 69, 63, 
1123, 0, 0, 0, 48, 60, 44, 
1124, 0, 0, 0, 36, 66, 57, 
1125, 0, 0, 0, 47, 51, 64, 
1126, 0, 0, 0, 47, 62, 57, 
1127, 0, 0, 0, 49, 63, 51, 
1128, 0, 0, 0, 45, 43, 66, 
1129, 0, 0, 0, 43, 54, 60, 
1130, 0, 0, 0, 36, 61, 53, 
1131, 0, 0, 0, 35, 58, 50, 
1132, 0, 0, 0, 33, 55, 51, 
1133, 0, 0, 0, 36, 75, 55, 
1134, 0, 0, 0, 28, 60, 57, 
1135, 0, 0, 0, 32, 72, 56, 
1136, 0, 0, 0, 30, 62, 56, 
1137, 0, 0, 0, 36, 48, 38, 
1138, 0, 0, 0, 32, 66, 53, 
1139, 0, 0, 0, 36, 68, 53, 
1140, 0, 0, 0, 41, 45, 51, 
1141, 0, 0, 0, 37, 61, 63, 
1142, 0, 0, 0, 33, 57, 43, 
1143, 0, 0, 0, 35, 70, 53, 
1144, 0, 0, 0, 35, 53, 59, 
1145, 0, 0, 0, 30, 54, 70, 
1146, 0, 0, 0, 34, 55, 41, 
1147, 0, 0, 0, 25, 80, 53, 
1148, 0, 0, 0, 31, 52, 48, 
1149, 0, 0, 0, 25, 74, 69, 
1150, 0, 0, 0, 25, 69, 42, 
1151, 0, 0, 0, 31, 75, 64, 
1152, 0, 0, 0, 32, 46, 57, 
1153, 0, 0, 0, 27, 59, 59, 
1154, 0, 0, 0, 33, 68, 51, 
1155, 0, 0, 0, 29, 63, 49, 
1156, 0, 0, 0, 20, 55, 54, 
1157, 0, 0, 0, 25, 63, 60, 
1158, 0, 0, 0, 25, 50, 51, 
1159, 0, 0, 0, 22, 55, 59, 
1160, 0, 0, 0, 28, 46, 64, 
1161, 0, 0, 0, 28, 64, 58, 
1162, 0, 0, 0, 18, 58, 47, 
1163, 0, 0, 0, 19, 59, 55, 
1164, 0, 0, 0, 23, 51, 54, 
1165, 0, 0, 0, 22, 56, 64, 
1166, 0, 0, 0, 21, 57, 71, 
1167, 0, 0, 0, 29, 59, 39, 
1168, 0, 0, 0, 23, 58, 52, 
1169, 0, 0, 0, 24, 63, 50, 
1170, 0, 0, 0, 26, 73, 59, 
1171, 0, 0, 0, 16, 73, 53, 
1172, 0, 0, 0, 16, 71, 51, 
1173, 0, 0, 0, 24, 62, 62, 
1174, 0, 0, 0, 18, 54, 60, 
1175, 0, 0, 0, 27, 67, 51, 
1176, 0, 0, 0, 27, 65, 50, 
1177, 0, 0, 0, 22, 62, 74, 
1178, 0, 0, 0, 23, 72, 61, 
1179, 0, 0, 0, 24, 60, 47, 
1180, 0, 0, 0, 19, 55, 71, 
1181, 0, 0, 0, 25, 54, 56, 
1182, 0, 0, 0, 20, 49, 52, 
1183, 0, 0, 0, 30, 52, 45, 
1184, 0, 0, 0, 27, 59, 68, 
1185, 0, 0, 0, 18, 60, 58, 
1186, 0, 0, 0, 21, 56, 61, 
1187, 0, 0, 0, 14, 64, 43, 
1188, 0, 0, 0, 23, 68, 61, 
1189, 0, 0, 0, 27, 66, 58, 
1190, 0, 0, 0, 20, 56, 57, 
1191, 0, 0, 0, 27, 71, 53, 
1192, 0, 0, 0, 22, 53, 61, 
1193, 0, 0, 0, 21, 71, 65, 
1194, 0, 0, 0, 23, 52, 59, 
1195, 0, 0, 0, 20, 61, 48, 
1196, 0, 0, 0, 23, 54, 57, 
1197, 0, 0, 0, 24, 51, 55, 
1198, 0, 0, 0, 24, 62, 63, 
1199, 0, 0, 0, 21, 64, 55, 
1200, 0, 0, 0, 26, 63, 58, 
1201, 0, 0, 0, 25, 46, 55, 
1202, 0, 0, 0, 31, 65, 56, 
1203, 0, 0, 0, 24, 66, 47, 
1204, 0, 0, 0, 32, 59, 56, 
1205, 0, 0, 0, 12, 68, 49, 
1206, 0, 0, 0, 28, 52, 57, 
1207, 0, 0, 0, 22, 85, 69, 
1208, 0, 0, 0, 21, 56, 50, 
1209, 0, 0, 0, 16, 58, 61, 
1210, 0, 0, 0, 20, 62, 44, 
1211, 0, 0, 0, 29, 78, 51, 
1212, 0, 0, 0, 20, 57, 47, 
1213, 0, 0, 0, 25, 69, 51, 
1214, 0, 0, 0, 22, 66, 53, 
1215, 0, 0, 0, 22, 61, 44, 
1216, 0, 0, 0, 28, 63, 74, 
1217, 0, 0, 0, 25, 49, 56, 
1218, 0, 0, 0, 23, 55, 47, 
1219, 0, 0, 0, 23, 71, 46, 
1220, 0, 0, 0, 20, 64, 55, 
1221, 0, 0, 0, 19, 53, 54, 
1222, 0, 0, 0, 33, 55, 56, 
1223, 0, 0, 0, 19, 61, 57, 
1224, 0, 0, 0, 17, 67, 48, 
1225, 0, 0, 0, 34, 58, 60, 
1226, 0, 0, 0, 14, 64, 60, 
1227, 0, 0, 0, 24, 56, 57, 
1228, 0, 0, 0, 27, 66, 63, 
1229, 0, 0, 0, 27, 64, 44, 
1230, 0, 0, 0, 30, 47, 51, 
1231, 0, 0, 0, 29, 67, 63, 
1232, 0, 0, 0, 20, 46, 70, 
1233, 0, 0, 0, 26, 46, 49, 
1234, 0, 0, 0, 26, 62, 47, 
1235, 0, 0, 0, 30, 55, 56, 
1236, 0, 0, 0, 22, 47, 50, 
1237, 0, 0, 0, 21, 55, 66, 
1238, 0, 0, 0, 30, 52, 60, 
1239, 0, 0, 0, 27, 59, 60, 
1240, 0, 0, 0, 29, 41, 54, 
1241, 0, 0, 0, 20, 53, 76, 
1242, 0, 0, 0, 22, 60, 43, 
1243, 0, 0, 0, 30, 52, 52, 
1244, 0, 0, 0, 23, 68, 58, 
1245, 0, 0, 0, 26, 65, 55, 
1246, 0, 0, 0, 19, 55, 57, 
1247, 0, 0, 0, 19, 52, 53, 
1248, 0, 0, 0, 25, 61, 60, 
1249, 0, 0, 0, 22, 68, 57, 
1250, 0, 0, 0, 29, 64, 48, 
1251, 0, 0, 0, 15, 68, 43, 
1252, 0, 0, 0, 24, 64, 55, 
1253, 0, 0, 0, 10, 65, 50, 
1254, 0, 0, 0, 19, 45, 58, 
1255, 0, 0, 0, 15, 83, 68, 
1256, 0, 0, 0, 17, 47, 53, 
1257, 0, 0, 0, 22, 60, 47, 
1258, 0, 0, 0, 22, 65, 65, 
1259, 0, 0, 0, 14, 62, 58, 
1260, 0, 0, 0, 24, 52, 55, 
1261, 0, 0, 0, 15, 76, 63, 
1262, 0, 0, 0, 16, 67, 63, 
1263, 0, 0, 0, 10, 64, 54, 
1264, 0, 0, 0, 9, 49, 59, 
1265, 0, 0, 0, 10, 68, 50, 
1266, 0, 0, 0, 12, 76, 60, 
1267, 0, 0, 0, 18, 61, 44, 
1268, 0, 0, 0, 14, 45, 52, 
1269, 0, 0, 0, 17, 59, 51, 
1270, 0, 0, 0, 12, 57, 62, 
1271, 0, 0, 0, 8, 57, 56, 
1272, 0, 0, 0, 15, 48, 66, 
1273, 0, 0, 0, 6, 58, 59, 
1274, 0, 0, 0, 20, 58, 62, 
1275, 0, 0, 0, 13, 66, 64, 
1276, 0, 0, 0, 13, 69, 64, 
1277, 0, 0, 0, 14, 59, 45, 
1278, 0, 0, 0, 11, 55, 71, 
1279, 0, 0, 0, 14, 57, 48, 
1280, 0, 0, 0, 10, 46, 56, 
1281, 0, 0, 0, 13, 57, 55, 
1282, 0, 0, 0, 10, 52, 52, 
1283, 0, 0, 0, 10, 64, 63, 
1284, 0, 0, 0, 9, 56, 43, 
1285, 0, 0, 0, 12, 64, 57, 
1286, 0, 0, 0, 14, 50, 52, 
1287, 0, 0, 0, 7, 72, 75, 
1288, 0, 0, 0, 17, 56, 48, 
1289, 0, 0, 0, 14, 59, 66, 
1290, 0, 0, 0, 8, 48, 54, 
1291, 0, 0, 0, 18, 61, 52, 
1292, 0, 0, 0, 14, 45, 56, 
1293, 0, 0, 0, 6, 65, 46, 
1294, 0, 0, 0, 12, 49, 72, 
1295, 0, 0, 0, 10, 69, 57, 
1296, 0, 0, 0, 10, 47, 49, 
1297, 0, 0, 0, 10, 62, 47, 
1298, 0, 0, 0, 15, 57, 59, 
1299, 0, 0, 0, 10, 63, 60, 
1300, 0, 0, 0, 15, 45, 52, 
1301, 0, 0, 0, 12, 62, 65, 
1302, 0, 0, 0, 9, 53, 62, 

, 
, 
, 
, 
, 
, 
, 
